id,label,axios_x,axios_y,electrocardiography_id
5fb7e227-11cb-4db6-8492-4fde8d94d694,Аритмия,41672.10255391609,2923.387096774193,a2fea9ed-76b6-470e-ad3c-73fab8e60439
ddeb6897-be07-4451-b3bd-5f748e0e09f4,Аритмия,621533.418671964,1840.0537634408602,a2fea9ed-76b6-470e-ad3c-73fab8e60439
811f00b8-3ab3-4ebf-ad3e-497e444929cc,Аритмия,243646.26884222488,-2073.9247311827958,a2fea9ed-76b6-470e-ad3c-73fab8e60439
a010c755-03b9-4a99-8b0f-85ff08b3aed3,Аритмия,938479.0011350737,-2231.1827956989246,e15acddc-8803-47b2-bb20-68f6a43c1070
d2c1a1a6-109f-4698-9fa4-a2c82e7ef01a,Подозрение на Аретмию,262883.08740068105,1944.8924731182797,834bb366-003a-44e4-9214-ac2c2dfd635e
092eba3a-abbc-431c-8713-8b6ee1c4864f,Подозрение на Аретмию,1005221.3393870601,-2143.8172043010754,834bb366-003a-44e4-9214-ac2c2dfd635e
